{
  "link": "https://arxiv.org/abs/2011.11164",
  "name": "Learnable Boundary Guided Adversarial Training",
  "authors": "Jiequan Cui and Shu Liu and Liwei Wang and Jiaya Jia",
  "additional_data": false,
  "number_forward_passes": 1,
  "dataset": "cifar10",
  "venue": "ICCV 2021",
  "architecture": "WideResNet-34-20",
  "eps": "0.031",
  "clean_acc": "88.70",
  "reported": "53.57",
  "footnote": "Uses \\(\\ell_{\\infty} \\) = 0.031 \u2248 7.9/255 instead of 8/255",
  "autoattack_acc": "53.57",
  "unreliable": false
}
