{
  "link": "https://arxiv.org/abs/2110.05626",
  "name": "Parameterizing Activation Functions for Adversarial Robustness",
  "authors": "Sihui Dai, Saeed Mahloujifar, Prateek Mittal",
  "additional_data": false,
  "number_forward_passes": 1,
  "dataset": "cifar10",
  "venue": "arXiv, Oct 2021",
  "architecture": "WideResNet-28-10-PSSiLU",
  "eps": "8/255",
  "clean_acc": "87.02",
  "reported": "61.55",
  "autoattack_acc": "61.55",
  "footnote": "It uses additional ~6M synthetic images in training.",
  "unreliable": false
}
