{
  "link": "https://arxiv.org/abs/2110.09468",
  "name": "Improving Robustness using Generated Data",
  "authors": "Sven Gowal, Sylvestre-Alvise Rebuffi, Olivia Wiles, Florian Stimberg, Dan Andrei Calian, Timothy Mann",
  "additional_data": false,
  "number_forward_passes": 1,
  "dataset": "cifar10",
  "venue": "NeurIPS 2021",
  "architecture": "PreActResNet-18",
  "eps": "8/255",
  "clean_acc": "87.35",
  "reported": "58.50",
  "autoattack_acc": "58.63",
  "external": "58.50",
  "footnote": "It uses additional 100M synthetic images in training. 58.50% robust accuracy is due to the original evaluation (AutoAttack + MultiTargeted)",
  "unreliable": false
}
