{
  "link": "https://arxiv.org/abs/2010.03593",
  "name": "Uncovering the Limits of Adversarial Training against Norm-Bounded Adversarial Examples",
  "authors": "Sven Gowal, Chongli Qin, Jonathan Uesato, Timothy Mann, Pushmeet Kohli",
  "additional_data": true,
  "number_forward_passes": 1,
  "dataset": "cifar10",
  "venue": "arXiv, Oct 2020",
  "architecture": "WideResNet-28-10",
  "eps": "8/255",
  "clean_acc": "89.48",
  "reported": "62.76",
  "autoattack_acc": "62.80",
  "external": "62.76",
  "footnote": "62.76% robust accuracy is due to the original evaluation (AutoAttack + MultiTargeted)",
  "unreliable": false
}
