{
  "link": "https://arxiv.org/abs/1901.08573",
  "name": "Theoretically Principled Trade-off between Robustness and Accuracy",
  "authors": "Hongyang Zhang, Yaodong Yu, Jiantao Jiao, Eric P. Xing, Laurent El Ghaoui, Michael I. Jordan",
  "additional_data": false,
  "number_forward_passes": 1,
  "dataset": "cifar10",
  "venue": "ICML 2019",
  "architecture": "WideResNet-34-10",
  "eps": "0.031",
  "clean_acc": "84.92",
  "reported": "56.43",
  "footnote": "Uses \\(\\ell_{\\infty} \\) = 0.031 \u2248 7.9/255 instead of 8/255.",
  "autoattack_acc": "53.08"
}
