{
  "link": "https://arxiv.org/abs/2106.09129",
  "name": "A Winning Hand: Compressing Deep Networks Can Improve Out-Of-Distribution Robustness",
  "authors": "James Diffenderfer, Brian R. Bartoldson, Shreya Chaganti, Jize Zhang, Bhavya Kailkhura",
  "additional_data": false,
  "number_forward_passes": 6,
  "dataset": "cifar100",
  "venue": "NeurIPS 2021",
  "architecture": "WideResNet-18-2",
  "eps": null,
  "clean_acc": "79.93",
  "reported": "71.08",
  "corruptions_acc": "71.08",
  "footnote": "Ensemble of networks each of which are pruned to 95% sparsity"
}