{
  "link": "https://openreview.net/forum?id=BuD2LmNaU3a",
  "name": "Helper-based Adversarial Training: Reducing Excessive Margin to Achieve a Better Accuracy vs. Robustness Trade-off",
  "authors": "Rahul Rade and Seyed-Mohsen Moosavi-Dezfooli",
  "additional_data": false,
  "number_forward_passes": 1,
  "dataset": "cifar10",
  "venue": "OpenReview, Jun 2021",
  "architecture": "PreActResNet-18",
  "eps": "0.5",
  "clean_acc": "90.57",
  "reported": "76.15",
  "footnote": "It uses additional 1M synthetic images in training.",
  "autoattack_acc": "76.15",
  "unreliable": false
}
